id;name;picture;picture_content_type;duration;audio;audio_content_type;artists
1;mobile Fish;5472616365;image/png;33370;50726f6475636572;image/png;Implementation Electronics Officer
2;methodology Albania;537465656c207a65726f2061646d696e697374726174696f6e;image/png;36636;536176696e6773204163636f756e742073796e64696361746520506c616e6e6572;image/png;Refined Rubber Chicken Table
3;Automotive;5075626c69632d6b6579;image/png;24102;47616d657320526567696f6e616c204469676974697a6564;image/png;copy convergence
4;Mayotte;636f6e6e656374204d61726b657473204368696566;image/png;59789;54616374696373;image/png;scale interactive generating
5;Specialist Home Loan Account;43617220496e647573747269616c2064656c6976657261626c6573;image/png;39488;6f766572726964696e67;image/png;monitor 1080p Checking Account
6;world-class Frozen IB;6d6f7261746f7269756d206d6f7261746f7269756d;image/png;72960;656d627261636520446576656c6f706572;image/png;synthesize Idaho compress
7;Sleek Metal Table Small;486172626f72204d6f6e74616e61;image/png;69551;557365722d63656e74726963;image/png;Money Market Account
8;Salad Web virtual;6d61726f6f6e;image/png;89255;446972656374;image/png;Profit-focused
9;Jewelery cutting-edge;4972617120426564666f72647368697265;image/png;69243;44697265637469766573;image/png;sky blue
10;Kenyan Shilling robust;6361706162696c697479207a65726f20746f6c6572616e636520436f6d707574657273;image/png;60956;43616e616469616e20446f6c6c6172;image/png;Berkshire Designer
